{
	"credit": "Made with Blockbench",
	"textures": {
		"3": "./tuff_bricks",
		"4": "./tuff",
		"5": "./polished_tuff"
	},
	"elements": [
		{
			"from": [7, 9.1, 7],
			"to": [9, 12.3, 9],
			"rotation": {"angle": 0, "axis": "y", "origin": [7, 9, 7]},
			"faces": {
				"north": {"uv": [0, 0, 8.1, 16], "texture": "#5"},
				"east": {"uv": [7.9, 0, 16, 16], "texture": "#5"},
				"south": {"uv": [0, 0, 8.1, 16], "texture": "#5"},
				"west": {"uv": [7.9, 0, 16, 16], "texture": "#5"},
				"up": {"uv": [0, 0, 8, 8], "texture": "#5"},
				"down": {"uv": [8, 7.9, 16, 16], "texture": "#5"}
			}
		},
		{
			"from": [7.4, 0, 7.4],
			"to": [8.6, 3, 8.6],
			"rotation": {"angle": 0, "axis": "y", "origin": [7, 0, 7]},
			"faces": {
				"north": {"uv": [4.1, 0, 11, 16], "texture": "#3"},
				"east": {"uv": [4, 0.1, 10.9, 16], "texture": "#3"},
				"south": {"uv": [11, 0, 3.9, 15.9], "texture": "#3"},
				"west": {"uv": [4, 0, 10.9, 16], "texture": "#3"},
				"up": {"uv": [0, 10, 6, 16], "texture": "#3"},
				"down": {"uv": [0, 10.1, 6.1, 16], "texture": "#3"}
			}
		},
		{
			"from": [7, 3, 7],
			"to": [9, 3.6, 9],
			"rotation": {"angle": 0, "axis": "y", "origin": [7, 3, 7]},
			"faces": {
				"north": {"uv": [0, 12, 8.1, 16], "texture": "#3"},
				"east": {"uv": [8, 12, 16, 16], "texture": "#3"},
				"south": {"uv": [0, 12, 8, 16], "texture": "#3"},
				"west": {"uv": [8, 11.9, 16, 16], "texture": "#3"},
				"up": {"uv": [8, 7.9, 16, 16], "texture": "#3"},
				"down": {"uv": [0, 7.9, 8.1, 16], "texture": "#3"}
			}
		},
		{
			"from": [7.4, 3, 7.4],
			"to": [8.6, 9.1, 8.6],
			"rotation": {"angle": 0, "axis": "y", "origin": [7, 4, 7]},
			"faces": {
				"north": {"uv": [0, 0, 4, 16], "texture": "#4"},
				"east": {"uv": [0, 0, 4.1, 16], "texture": "#4"},
				"south": {"uv": [0, 0, 4, 16], "texture": "#4"},
				"west": {"uv": [0, 0, 4, 16], "texture": "#4"},
				"up": {"uv": [0, 0, 6, 6], "texture": "#4"},
				"down": {"uv": [9.9, 10, 16, 16], "texture": "#4"}
			}
		},
		{
			"from": [7.1, 10.9, 9],
			"to": [8.9, 11.8, 12],
			"rotation": {"angle": 0, "axis": "y", "origin": [7, 10, 9]},
			"faces": {
				"north": {"uv": [0, 0, 16, 4], "texture": "#4"},
				"east": {"uv": [0, 0, 16, 4.1], "texture": "#4"},
				"south": {"uv": [0, 0, 16, 4], "texture": "#4"},
				"west": {"uv": [0, 0, 16, 4], "texture": "#4"},
				"up": {"uv": [7, 0, 16, 16], "texture": "#4"},
				"down": {"uv": [6.9, 0, 16, 16], "texture": "#4"}
			}
		},
		{
			"from": [7.1, 10.9, 4],
			"to": [8.9, 11.8, 7],
			"rotation": {"angle": 0, "axis": "y", "origin": [8, 11.35, 5.5]},
			"faces": {
				"north": {"uv": [0, 0, 16, 4], "texture": "#4"},
				"east": {"uv": [0, 0, 16, 4], "texture": "#4"},
				"south": {"uv": [0, 0, 16, 4], "texture": "#4"},
				"west": {"uv": [0, 0, 16, 4.1], "texture": "#4"},
				"up": {"uv": [7, 0, 16, 16], "texture": "#4"},
				"down": {"uv": [7, 0, 16, 16], "texture": "#4"}
			}
		},
		{
			"from": [4, 10.9, 7.1],
			"to": [7, 11.8, 8.9],
			"rotation": {"angle": 0, "axis": "y", "origin": [5, 10, 7]},
			"faces": {
				"north": {"uv": [0, 0, 16, 4.1], "texture": "#4"},
				"east": {"uv": [0, 0, 16, 4], "texture": "#4"},
				"south": {"uv": [0, 0, 16, 4], "texture": "#4"},
				"west": {"uv": [0, 0, 16, 4], "texture": "#4"},
				"up": {"uv": [0, 0, 16, 8.1], "texture": "#4"},
				"down": {"uv": [0, 0, 16, 8.1], "texture": "#4"}
			}
		},
		{
			"from": [9, 10.9, 7.1],
			"to": [12, 11.8, 8.9],
			"rotation": {"angle": 0, "axis": "y", "origin": [10, 10, 7]},
			"faces": {
				"north": {"uv": [0, 0, 16, 4], "texture": "#4"},
				"east": {"uv": [0, 0, 16, 4], "texture": "#4"},
				"south": {"uv": [0, 0, 16, 4.1], "texture": "#4"},
				"west": {"uv": [0, 0, 16, 4], "texture": "#4"},
				"up": {"uv": [0, 0, 16, 8.1], "texture": "#4"},
				"down": {"uv": [0, 0, 16, 8.1], "texture": "#4"}
			}
		},
		{
			"from": [7.2, 10.3, 11.4],
			"to": [8.8, 11.2, 13.4],
			"rotation": {"angle": 22.5, "axis": "x", "origin": [8, 10.75, 12.9]},
			"faces": {
				"north": {"uv": [0, 0, 16, 6.1], "texture": "#4"},
				"east": {"uv": [0, 0, 16, 6], "texture": "#4"},
				"south": {"uv": [0, 0, 16, 6], "texture": "#4"},
				"west": {"uv": [0, 0, 16, 6], "texture": "#4"},
				"up": {"uv": [0, 0, 16, 12], "texture": "#4"},
				"down": {"uv": [0, 0, 16, 12.1], "texture": "#4"}
			}
		},
		{
			"from": [11.5, 10.3, 7.2],
			"to": [13.5, 11.2, 8.8],
			"rotation": {"angle": -22.5, "axis": "z", "origin": [13, 10.75, 8]},
			"faces": {
				"north": {"uv": [0, 0, 16, 6.1], "texture": "#4"},
				"east": {"uv": [0, 0, 16, 6.1], "texture": "#4"},
				"south": {"uv": [0, 0, 16, 6], "texture": "#4"},
				"west": {"uv": [0, 0, 16, 6.1], "texture": "#4"},
				"up": {"uv": [0, 0, 16, 12.1], "texture": "#4"},
				"down": {"uv": [0, 0, 16, 12.1], "texture": "#4"}
			}
		},
		{
			"from": [7.2, 10.3, 2.5],
			"to": [8.8, 11.2, 4.5],
			"rotation": {"angle": -22.5, "axis": "x", "origin": [8, 10.75, 3]},
			"faces": {
				"north": {"uv": [0, 0, 16, 6.1], "texture": "#4"},
				"east": {"uv": [0, 0, 16, 6], "texture": "#4"},
				"south": {"uv": [0, 0, 23, 6], "texture": "#4"},
				"west": {"uv": [0, 0, 15.9, 5.9], "texture": "#4"},
				"up": {"uv": [0, 0, 16, 12.1], "texture": "#4"},
				"down": {"uv": [0, 0, 16, 12], "texture": "#4"}
			}
		},
		{
			"from": [2.5, 10.3, 7.2],
			"to": [4.5, 11.2, 8.8],
			"rotation": {"angle": 22.5, "axis": "z", "origin": [3, 10.75, 8]},
			"faces": {
				"north": {"uv": [0, 0, 16, 6], "texture": "#4"},
				"east": {"uv": [0, 0, 16, 6], "texture": "#4"},
				"south": {"uv": [0, 0, 16, 6], "texture": "#4"},
				"west": {"uv": [0, 0, 16, 6], "texture": "#4"},
				"up": {"uv": [0, 0, 16, 12.1], "texture": "#4"},
				"down": {"uv": [0, 0, 16, 12], "texture": "#4"}
			}
		},
		{
			"from": [7.3, 9.59134, 12.53806],
			"to": [8.7, 10.49134, 14.53806],
			"rotation": {"angle": 45, "axis": "x", "origin": [8, 10.04134, 13.53806]},
			"faces": {
				"north": {"uv": [0, 0, 16, 8], "texture": "#4"},
				"east": {"uv": [0, 0, 16, 8], "texture": "#4"},
				"south": {"uv": [0, 0, 20.8, 8.1], "texture": "#4"},
				"west": {"uv": [0, 0, 16, 8.1], "texture": "#4"},
				"up": {"uv": [0, 0, 16, 16], "texture": "#4"},
				"down": {"uv": [0, 0, 16, 16], "texture": "#4"}
			}
		},
		{
			"from": [7.3, 9.59134, 1.36194],
			"to": [8.7, 10.49134, 3.36194],
			"rotation": {"angle": -45, "axis": "x", "origin": [8, 10.04134, 2.36194]},
			"faces": {
				"north": {"uv": [0, 0, 16, 8.1], "texture": "#4"},
				"east": {"uv": [0, 0, 16, 8], "texture": "#4"},
				"south": {"uv": [0, 0, 16, 8.1], "texture": "#4"},
				"west": {"uv": [0, 0, 16, 8], "texture": "#4"},
				"up": {"uv": [0, 0, 16, 16], "texture": "#4"},
				"down": {"uv": [0, 0, 16, 15.7], "texture": "#4"}
			}
		},
		{
			"from": [1.36194, 9.59134, 7.3],
			"to": [3.36194, 10.49134, 8.7],
			"rotation": {"angle": 45, "axis": "z", "origin": [2.36194, 10.04134, 8]},
			"faces": {
				"north": {"uv": [0, 0, 16, 8.1], "texture": "#4"},
				"east": {"uv": [0, 0, 16, 8.1], "texture": "#4"},
				"south": {"uv": [0, 0, 16, 8], "texture": "#4"},
				"west": {"uv": [0, 0, 16, 8.1], "texture": "#4"},
				"up": {"uv": [0, 0, 16, 8], "texture": "#4"},
				"down": {"uv": [0, 0, 16, 8], "texture": "#4"}
			}
		},
		{
			"from": [12.63806, 9.59134, 7.3],
			"to": [14.63806, 10.49134, 8.7],
			"rotation": {"angle": -45, "axis": "z", "origin": [13.63806, 10.04134, 8]},
			"faces": {
				"north": {"uv": [0, 0, 16, 8], "texture": "#4"},
				"east": {"uv": [0, 0, 16, 8], "texture": "#4"},
				"south": {"uv": [0, 0, 16, 8.1], "texture": "#4"},
				"west": {"uv": [0, 0, 16, 8.1], "texture": "#4"},
				"up": {"uv": [0, 0, 16, 8.1], "texture": "#4"},
				"down": {"uv": [0, 0, 16, 8.1], "texture": "#4"}
			}
		},
		{
			"from": [13.18806, 7.74134, 7.4],
			"to": [13.98806, 9.74134, 8.6],
			"rotation": {"angle": -22.5, "axis": "z", "origin": [13.63806, 8.74134, 8]},
			"faces": {
				"north": {"uv": [0, 0, 16, 8], "rotation": 270, "texture": "#4"},
				"east": {"uv": [0, 0, 16, 8.1], "rotation": 90, "texture": "#4"},
				"south": {"uv": [0, 0, 16, 8], "rotation": 90, "texture": "#4"},
				"west": {"uv": [0, 0, 16, 8.1], "rotation": 90, "texture": "#4"},
				"up": {"uv": [0, 0, 16, 8], "rotation": 90, "texture": "#4"},
				"down": {"uv": [0, 0, 16, 8.1], "rotation": 90, "texture": "#4"}
			}
		},
		{
			"from": [2.01194, 7.74134, 7.4],
			"to": [2.81194, 9.74134, 8.6],
			"rotation": {"angle": 22.5, "axis": "z", "origin": [2.36194, 8.74134, 8]},
			"faces": {
				"north": {"uv": [0, 0, 16, 7.9], "rotation": 90, "texture": "#4"},
				"east": {"uv": [0, 0, 22, 8.1], "rotation": 270, "texture": "#4"},
				"south": {"uv": [0, 0, 16, 8.1], "rotation": 270, "texture": "#4"},
				"west": {"uv": [0, 0, 16, 8], "rotation": 270, "texture": "#4"},
				"up": {"uv": [0, 0, 16, 8], "rotation": 270, "texture": "#4"},
				"down": {"uv": [0, 0, 16, 8], "rotation": 270, "texture": "#4"}
			}
		},
		{
			"from": [7.4, 7.74134, 13.08806],
			"to": [8.6, 9.74134, 13.88806],
			"rotation": {"angle": 22.5, "axis": "x", "origin": [8, 8.74134, 13.53806]},
			"faces": {
				"north": {"uv": [0, 0, 16, 8], "rotation": 180, "texture": "#4"},
				"east": {"uv": [0, 0, 16, 8], "rotation": 270, "texture": "#4"},
				"south": {"uv": [0, 0, 15.9, 16], "texture": "#4"},
				"west": {"uv": [0, 0, 16, 8.2], "rotation": 90, "texture": "#4"},
				"up": {"uv": [0, 0, 16, 11.1], "rotation": 180, "texture": "#4"},
				"down": {"uv": [0, 0, 16, 11.1], "texture": "#4"}
			}
		},
		{
			"from": [7.4, 7.74134, 2.01194],
			"to": [8.6, 9.74134, 2.81194],
			"rotation": {"angle": -22.5, "axis": "x", "origin": [8, 8.74134, 2.36194]},
			"faces": {
				"north": {"uv": [0, 0, 16, 16], "rotation": 180, "texture": "#4"},
				"east": {"uv": [0, 0, 16, 11], "rotation": 90, "texture": "#4"},
				"south": {"uv": [0, 0, 16, 11.1], "texture": "#4"},
				"west": {"uv": [0, 0, 16, 11.1], "rotation": 270, "texture": "#4"},
				"up": {"uv": [0, 0, 16, 11.1], "texture": "#4"},
				"down": {"uv": [0, 0, 16, 11.1], "rotation": 180, "texture": "#4"}
			}
		},
		{
			"from": [6.5, 10.7, 7.2],
			"to": [7.5, 11.6, 8.8],
			"rotation": {"angle": 45, "axis": "z", "origin": [7, 11.15, 8]},
			"faces": {
				"north": {"uv": [0, 0, 16, 8], "texture": "#4"},
				"east": {"uv": [0, 0, 16, 8.1], "texture": "#4"},
				"south": {"uv": [0, 0, 16, 8.1], "texture": "#4"},
				"west": {"uv": [0, 0, 16, 8.1], "texture": "#4"},
				"up": {"uv": [0, 0, 16, 8], "texture": "#4"},
				"down": {"uv": [0, 0, 16, 8], "texture": "#4"}
			}
		},
		{
			"from": [7.2, 10.7, 8.5],
			"to": [8.8, 11.6, 9.5],
			"rotation": {"angle": 45, "axis": "x", "origin": [8, 11.15, 9]},
			"faces": {
				"north": {"uv": [0, 0, 16, 8.1], "texture": "#4"},
				"east": {"uv": [0, 0, 16, 8], "texture": "#4"},
				"south": {"uv": [0, 0, 16, 8.1], "texture": "#4"},
				"west": {"uv": [0, 0, 16, 8.1], "texture": "#4"},
				"up": {"uv": [0, 0, 16, 8.1], "rotation": 270, "texture": "#4"},
				"down": {"uv": [0, 0, 16, 8.1], "rotation": 90, "texture": "#4"}
			}
		},
		{
			"from": [8.5, 10.7, 7.2],
			"to": [9.5, 11.6, 8.8],
			"rotation": {"angle": -45, "axis": "z", "origin": [9, 11.15, 8]},
			"faces": {
				"north": {"uv": [0, 0, 16, 7.9], "rotation": 180, "texture": "#4"},
				"east": {"uv": [0, 0, 16, 8.1], "rotation": 180, "texture": "#4"},
				"south": {"uv": [0, 0, 16, 8.1], "rotation": 180, "texture": "#4"},
				"west": {"uv": [0, 0, 16, 8], "rotation": 180, "texture": "#4"},
				"up": {"uv": [0, 0, 16, 8.1], "texture": "#4"},
				"down": {"uv": [0, 0, 16, 8], "texture": "#4"}
			}
		},
		{
			"from": [7.2, 10.65, 6.55],
			"to": [8.8, 11.65, 7.45],
			"rotation": {"angle": 45, "axis": "x", "origin": [8, 11.15, 7]},
			"faces": {
				"north": {"uv": [0, 0, 16, 8.1], "rotation": 90, "texture": "#4"},
				"east": {"uv": [0, 0, 16, 8], "rotation": 90, "texture": "#4"},
				"south": {"uv": [0, 0, 16, 8.1], "rotation": 90, "texture": "#4"},
				"west": {"uv": [0, 0, 16, 8.1], "rotation": 270, "texture": "#4"},
				"up": {"uv": [0, 0, 16, 8.1], "texture": "#4"},
				"down": {"uv": [0, 0, 16, 8], "rotation": 180, "texture": "#4"}
			}
		}
	],
	"display": {
		"thirdperson_righthand": {
			"translation": [0, 5.5, 0]
		},
		"thirdperson_lefthand": {
			"translation": [0, 5.5, 0]
		},
		"firstperson_righthand": {
			"translation": [0, 1.75, 0],
			"scale": [0.8, 0.8, 0.8]
		},
		"firstperson_lefthand": {
			"translation": [0, 1.75, 0],
			"scale": [0.8, 0.8, 0.8]
		},
		"ground": {
			"translation": [0, 2.25, 0],
			"scale": [0.65, 0.65, 0.65]
		},
		"gui": {
			"rotation": [-18.54, 21.5, -1.01],
			"translation": [0, 1, 0]
		},
		"head": {
			"rotation": [-90, 0, 0],
			"scale": [1.65, 1.65, 1.65]
		}
	}
}