{
	"credit": "Made with Blockbench",
	"textures": {
		"0": "./kama",
		"particle": "./kama"
	},
	"elements": [
		{
			"from": [7.15, 4.65, 7.25],
			"to": [8.025, 5.025, 7.825],
			"rotation": {"angle": 0, "axis": "y", "origin": [0, 0.1, 0]},
			"faces": {
				"north": {"uv": [9.75, 12.75, 8.875, 13.125], "texture": "#0"},
				"east": {"uv": [10, 12.75, 10.875, 13.125], "texture": "#0"},
				"south": {"uv": [8.875, 12.75, 9.75, 13.125], "texture": "#0"},
				"west": {"uv": [7.75, 12.75, 8.625, 13.125], "texture": "#0"},
				"up": {"uv": [8.875, 12.875, 9.75, 12.75], "texture": "#0"},
				"down": {"uv": [8.875, 13.125, 9.75, 13], "texture": "#0"}
			}
		},
		{
			"from": [7.025, 4.4, 7.25],
			"to": [7.9, 4.65, 7.825],
			"rotation": {"angle": 0, "axis": "y", "origin": [0, 0.1, 0]},
			"faces": {
				"north": {"uv": [9.625, 13.125, 8.75, 13.375], "texture": "#0"},
				"east": {"uv": [9.875, 13.125, 10.75, 13.375], "texture": "#0"},
				"south": {"uv": [8.75, 13.125, 9.625, 13.375], "texture": "#0"},
				"west": {"uv": [7.625, 13.125, 8.5, 13.375], "texture": "#0"},
				"up": {"uv": [8.75, 13.25, 9.625, 13.125], "texture": "#0"},
				"down": {"uv": [8.75, 13.375, 9.625, 13.25], "texture": "#0"}
			}
		},
		{
			"from": [6.9, 3.775, 7.25],
			"to": [7.775, 4.025, 7.825],
			"rotation": {"angle": 0, "axis": "y", "origin": [0, 0.1, 0]},
			"faces": {
				"north": {"uv": [9.5, 13.75, 8.625, 14], "texture": "#0"},
				"east": {"uv": [9.75, 13.75, 10.625, 14], "texture": "#0"},
				"south": {"uv": [8.625, 13.75, 9.5, 14], "texture": "#0"},
				"west": {"uv": [7.5, 13.75, 8.375, 14], "texture": "#0"},
				"up": {"uv": [8.625, 13.875, 9.5, 13.75], "texture": "#0"},
				"down": {"uv": [8.625, 14, 9.5, 13.875], "texture": "#0"}
			}
		},
		{
			"from": [6.775, 4.025, 7.25],
			"to": [7.9, 4.275, 7.825],
			"rotation": {"angle": 0, "axis": "y", "origin": [0, 0.1, 0]},
			"faces": {
				"north": {"uv": [9.625, 13.5, 8.5, 13.75], "texture": "#0"},
				"east": {"uv": [9.625, 13.5, 10.75, 13.75], "texture": "#0"},
				"south": {"uv": [8.5, 13.5, 9.625, 13.75], "texture": "#0"},
				"west": {"uv": [7.375, 13.5, 8.5, 13.75], "texture": "#0"},
				"up": {"uv": [8.5, 13.625, 9.625, 13.5], "texture": "#0"},
				"down": {"uv": [8.5, 13.75, 9.625, 13.625], "texture": "#0"}
			}
		},
		{
			"from": [6.9, 4.275, 7.25],
			"to": [7.9, 4.4, 7.825],
			"rotation": {"angle": 0, "axis": "y", "origin": [0, 0.1, 0]},
			"faces": {
				"north": {"uv": [9.625, 13.375, 8.625, 13.5], "texture": "#0"},
				"east": {"uv": [9.75, 13.375, 10.75, 13.5], "texture": "#0"},
				"south": {"uv": [8.625, 13.375, 9.625, 13.5], "texture": "#0"},
				"west": {"uv": [7.5, 13.375, 8.5, 13.5], "texture": "#0"},
				"up": {"uv": [8.625, 13.5, 9.625, 13.375], "texture": "#0"},
				"down": {"uv": [8.625, 13.5, 9.625, 13.375], "texture": "#0"}
			}
		},
		{
			"from": [7.15, 3.65, 7.25],
			"to": [7.65, 3.775, 7.825],
			"rotation": {"angle": 0, "axis": "y", "origin": [0, 0.1, 0]},
			"faces": {
				"north": {"uv": [9.375, 14, 8.875, 14.125], "texture": "#0"},
				"east": {"uv": [10, 14, 10.5, 14.125], "texture": "#0"},
				"south": {"uv": [8.875, 14, 9.375, 14.125], "texture": "#0"},
				"west": {"uv": [7.75, 14, 8.25, 14.125], "texture": "#0"},
				"up": {"uv": [8.875, 14.125, 9.375, 14], "texture": "#0"},
				"down": {"uv": [8.875, 14.125, 9.375, 14], "texture": "#0"}
			}
		},
		{
			"from": [7.275, 5.025, 7.25],
			"to": [8.025, 5.275, 7.825],
			"rotation": {"angle": 0, "axis": "y", "origin": [0, 0.1, 0]},
			"faces": {
				"north": {"uv": [9.75, 12.5, 9, 12.75], "texture": "#0"},
				"east": {"uv": [10.125, 12.5, 10.875, 12.75], "texture": "#0"},
				"south": {"uv": [9, 12.5, 9.75, 12.75], "texture": "#0"},
				"west": {"uv": [7.875, 12.5, 8.625, 12.75], "texture": "#0"},
				"up": {"uv": [9, 12.625, 9.75, 12.5], "texture": "#0"},
				"down": {"uv": [9, 12.75, 9.75, 12.625], "texture": "#0"}
			}
		},
		{
			"from": [7.275, 9.525, 7.25],
			"to": [8.15, 9.9, 7.825],
			"rotation": {"angle": 0, "axis": "y", "origin": [0, 0.1, 0]},
			"faces": {
				"north": {"uv": [9.875, 7.875, 9, 8.25], "texture": "#0"},
				"east": {"uv": [10.125, 7.875, 11, 8.25], "texture": "#0"},
				"south": {"uv": [9, 7.875, 9.875, 8.25], "texture": "#0"},
				"west": {"uv": [7.875, 7.875, 8.75, 8.25], "texture": "#0"},
				"up": {"uv": [9, 8, 9.875, 7.875], "texture": "#0"},
				"down": {"uv": [9, 8.25, 9.875, 8.125], "texture": "#0"}
			}
		},
		{
			"from": [7.025, 10.4, 7.25],
			"to": [7.9, 10.65, 7.825],
			"rotation": {"angle": 0, "axis": "y", "origin": [0, 0.1, 0]},
			"faces": {
				"north": {"uv": [9.625, 7.125, 8.75, 7.375], "texture": "#0"},
				"east": {"uv": [9.875, 7.125, 10.75, 7.375], "texture": "#0"},
				"south": {"uv": [8.75, 7.125, 9.625, 7.375], "texture": "#0"},
				"west": {"uv": [7.625, 7.125, 8.5, 7.375], "texture": "#0"},
				"up": {"uv": [8.75, 7.25, 9.625, 7.125], "texture": "#0"},
				"down": {"uv": [8.75, 7.375, 9.625, 7.25], "texture": "#0"}
			}
		},
		{
			"from": [6.9, 10.65, 7.25],
			"to": [7.775, 10.9, 7.825],
			"rotation": {"angle": 0, "axis": "y", "origin": [0, 0.1, 0]},
			"faces": {
				"north": {"uv": [9.5, 6.875, 8.625, 7.125], "texture": "#0"},
				"east": {"uv": [9.75, 6.875, 10.625, 7.125], "texture": "#0"},
				"south": {"uv": [8.625, 6.875, 9.5, 7.125], "texture": "#0"},
				"west": {"uv": [7.5, 6.875, 8.375, 7.125], "texture": "#0"},
				"up": {"uv": [8.625, 7, 9.5, 6.875], "texture": "#0"},
				"down": {"uv": [8.625, 7.125, 9.5, 7], "texture": "#0"}
			}
		},
		{
			"from": [6.775, 11.025, 7.25],
			"to": [7.65, 11.525, 7.825],
			"rotation": {"angle": 0, "axis": "y", "origin": [0, 0.1, 0]},
			"faces": {
				"north": {"uv": [9.375, 6.25, 8.5, 6.75], "texture": "#0"},
				"east": {"uv": [9.625, 6.25, 10.5, 6.75], "texture": "#0"},
				"south": {"uv": [8.5, 6.25, 9.375, 6.75], "texture": "#0"},
				"west": {"uv": [7.375, 6.25, 8.25, 6.75], "texture": "#0"},
				"up": {"uv": [8.5, 6.375, 9.375, 6.25], "texture": "#0"},
				"down": {"uv": [8.5, 6.75, 9.375, 6.625], "texture": "#0"}
			}
		},
		{
			"from": [6.775, 13.275, 7.25],
			"to": [7.65, 13.775, 7.825],
			"rotation": {"angle": 0, "axis": "y", "origin": [0, 0.1, 0]},
			"faces": {
				"north": {"uv": [9.375, 4, 8.5, 4.5], "texture": "#0"},
				"east": {"uv": [9.625, 4, 10.5, 4.5], "texture": "#0"},
				"south": {"uv": [8.5, 4, 9.375, 4.5], "texture": "#0"},
				"west": {"uv": [7.375, 4, 8.25, 4.5], "texture": "#0"},
				"up": {"uv": [8.5, 4.125, 9.375, 4], "texture": "#0"},
				"down": {"uv": [8.5, 4.5, 9.375, 4.375], "texture": "#0"}
			}
		},
		{
			"from": [6.775, 14.65, 7.25],
			"to": [7.65, 15.025, 7.825],
			"rotation": {"angle": 0, "axis": "y", "origin": [0, 0.1, 0]},
			"faces": {
				"north": {"uv": [9.375, 2.75, 8.5, 3.125], "texture": "#0"},
				"east": {"uv": [9.625, 2.75, 10.5, 3.125], "texture": "#0"},
				"south": {"uv": [8.5, 2.75, 9.375, 3.125], "texture": "#0"},
				"west": {"uv": [7.375, 2.75, 8.25, 3.125], "texture": "#0"},
				"up": {"uv": [8.5, 2.875, 9.375, 2.75], "texture": "#0"},
				"down": {"uv": [8.5, 3.125, 9.375, 3], "texture": "#0"}
			}
		},
		{
			"from": [6.775, 13.775, 7.25],
			"to": [7.775, 14.65, 7.825],
			"rotation": {"angle": 0, "axis": "y", "origin": [0, 0.1, 0]},
			"faces": {
				"north": {"uv": [9.5, 3.125, 8.5, 4], "texture": "#0"},
				"east": {"uv": [9.625, 3.125, 10.625, 4], "texture": "#0"},
				"south": {"uv": [8.5, 3.125, 9.5, 4], "texture": "#0"},
				"west": {"uv": [7.375, 3.125, 8.375, 4], "texture": "#0"},
				"up": {"uv": [8.5, 3.25, 9.5, 3.125], "texture": "#0"},
				"down": {"uv": [8.5, 4, 9.5, 3.875], "texture": "#0"}
			}
		},
		{
			"from": [6.65, 14.275, 7.375],
			"to": [6.775, 14.9, 7.7],
			"rotation": {"angle": 0, "axis": "y", "origin": [0, 0.1, 0]},
			"faces": {
				"north": {"uv": [7.375, 2.875, 7.25, 3.5], "texture": "#0"},
				"east": {"uv": [7.25, 2.875, 7.375, 3.5], "texture": "#0"},
				"south": {"uv": [7.25, 2.875, 7.375, 3.5], "texture": "#0"},
				"west": {"uv": [7.25, 2.875, 7.375, 3.5], "texture": "#0"},
				"up": {"uv": [7.25, 3, 7.375, 2.875], "texture": "#0"},
				"down": {"uv": [7.25, 3.5, 7.375, 3.375], "texture": "#0"}
			}
		},
		{
			"from": [5.9, 14.025, 7.475],
			"to": [6.275, 15.275, 7.6],
			"rotation": {"angle": 0, "axis": "y", "origin": [0, 0.1, 0]},
			"faces": {
				"north": {"uv": [6.875, 2.5, 6.5, 3.75], "texture": "#0"},
				"east": {"uv": [6.75, 2.5, 6.875, 3.75], "texture": "#0"},
				"south": {"uv": [6.5, 2.5, 6.875, 3.75], "texture": "#0"},
				"west": {"uv": [6.5, 2.5, 6.625, 3.75], "texture": "#0"},
				"up": {"uv": [6.5, 2.625, 6.875, 2.5], "texture": "#0"},
				"down": {"uv": [6.5, 3.75, 6.875, 3.625], "texture": "#0"}
			}
		},
		{
			"from": [5.15, 14.15, 7.475],
			"to": [5.9, 15.275, 7.6],
			"rotation": {"angle": 0, "axis": "y", "origin": [0, 0.1, 0]},
			"faces": {
				"north": {"uv": [6.5, 2.5, 5.75, 3.625], "texture": "#0"},
				"east": {"uv": [6.375, 2.5, 6.5, 3.625], "texture": "#0"},
				"south": {"uv": [5.75, 2.5, 6.5, 3.625], "texture": "#0"},
				"west": {"uv": [5.75, 2.5, 5.875, 3.625], "texture": "#0"},
				"up": {"uv": [5.75, 2.625, 6.5, 2.5], "texture": "#0"},
				"down": {"uv": [5.75, 3.625, 6.5, 3.5], "texture": "#0"}
			}
		},
		{
			"from": [2.525, 14.275, 7.375],
			"to": [2.775, 14.4, 7.7],
			"rotation": {"angle": 0, "axis": "y", "origin": [0, 0.1, 0]},
			"faces": {
				"north": {"uv": [3.375, 3.375, 3.125, 3.5], "texture": "#0"},
				"east": {"uv": [3.25, 3.375, 3.375, 3.5], "texture": "#0"},
				"south": {"uv": [3.125, 3.375, 3.375, 3.5], "texture": "#0"},
				"west": {"uv": [3.125, 3.375, 3.25, 3.5], "texture": "#0"},
				"up": {"uv": [3.125, 3.5, 3.375, 3.375], "texture": "#0"},
				"down": {"uv": [3.125, 3.5, 3.375, 3.375], "texture": "#0"}
			}
		},
		{
			"from": [2.775, 14.275, 7.375],
			"to": [3.025, 14.525, 7.7],
			"rotation": {"angle": 0, "axis": "y", "origin": [0, 0.1, 0]},
			"faces": {
				"north": {"uv": [3.625, 3.25, 3.375, 3.5], "texture": "#0"},
				"east": {"uv": [3.5, 3.25, 3.625, 3.5], "texture": "#0"},
				"south": {"uv": [3.375, 3.25, 3.625, 3.5], "texture": "#0"},
				"west": {"uv": [3.375, 3.25, 3.5, 3.5], "texture": "#0"},
				"up": {"uv": [3.375, 3.375, 3.625, 3.25], "texture": "#0"},
				"down": {"uv": [3.375, 3.5, 3.625, 3.375], "texture": "#0"}
			}
		},
		{
			"from": [3.025, 14.4, 7.375],
			"to": [3.4, 14.65, 7.7],
			"rotation": {"angle": 0, "axis": "y", "origin": [0, 0.1, 0]},
			"faces": {
				"north": {"uv": [4, 3.125, 3.625, 3.375], "texture": "#0"},
				"east": {"uv": [3.875, 3.125, 4, 3.375], "texture": "#0"},
				"south": {"uv": [3.625, 3.125, 4, 3.375], "texture": "#0"},
				"west": {"uv": [3.625, 3.125, 3.75, 3.375], "texture": "#0"},
				"up": {"uv": [3.625, 3.25, 4, 3.125], "texture": "#0"},
				"down": {"uv": [3.625, 3.375, 4, 3.25], "texture": "#0"}
			}
		},
		{
			"from": [3.775, 14.4, 7.375],
			"to": [3.9, 14.9, 7.7],
			"rotation": {"angle": 0, "axis": "y", "origin": [0, 0.1, 0]},
			"faces": {
				"north": {"uv": [4.5, 2.875, 4.375, 3.375], "texture": "#0"},
				"east": {"uv": [4.375, 2.875, 4.5, 3.375], "texture": "#0"},
				"south": {"uv": [4.375, 2.875, 4.5, 3.375], "texture": "#0"},
				"west": {"uv": [4.375, 2.875, 4.5, 3.375], "texture": "#0"},
				"up": {"uv": [4.375, 3, 4.5, 2.875], "texture": "#0"},
				"down": {"uv": [4.375, 3.375, 4.5, 3.25], "texture": "#0"}
			}
		},
		{
			"from": [3.4, 14.4, 7.375],
			"to": [3.775, 14.775, 7.7],
			"rotation": {"angle": 0, "axis": "y", "origin": [0, 0.1, 0]},
			"faces": {
				"north": {"uv": [4.375, 3, 4, 3.375], "texture": "#0"},
				"east": {"uv": [4.25, 3, 4.375, 3.375], "texture": "#0"},
				"south": {"uv": [4, 3, 4.375, 3.375], "texture": "#0"},
				"west": {"uv": [4, 3, 4.125, 3.375], "texture": "#0"},
				"up": {"uv": [4, 3.125, 4.375, 3], "texture": "#0"},
				"down": {"uv": [4, 3.375, 4.375, 3.25], "texture": "#0"}
			}
		},
		{
			"from": [3.9, 14.525, 7.375],
			"to": [4.275, 14.9, 7.7],
			"rotation": {"angle": 0, "axis": "y", "origin": [0, 0.1, 0]},
			"faces": {
				"north": {"uv": [4.875, 2.875, 4.5, 3.25], "texture": "#0"},
				"east": {"uv": [4.75, 2.875, 4.875, 3.25], "texture": "#0"},
				"south": {"uv": [4.5, 2.875, 4.875, 3.25], "texture": "#0"},
				"west": {"uv": [4.5, 2.875, 4.625, 3.25], "texture": "#0"},
				"up": {"uv": [4.5, 3, 4.875, 2.875], "texture": "#0"},
				"down": {"uv": [4.5, 3.25, 4.875, 3.125], "texture": "#0"}
			}
		},
		{
			"from": [4.275, 14.525, 7.375],
			"to": [5.15, 15.025, 7.7],
			"rotation": {"angle": 0, "axis": "y", "origin": [0, 0.1, 0]},
			"faces": {
				"north": {"uv": [5.75, 2.75, 4.875, 3.25], "texture": "#0"},
				"east": {"uv": [5.625, 2.75, 5.75, 3.25], "texture": "#0"},
				"south": {"uv": [4.875, 2.75, 5.75, 3.25], "texture": "#0"},
				"west": {"uv": [4.875, 2.75, 5, 3.25], "texture": "#0"},
				"up": {"uv": [4.875, 2.875, 5.75, 2.75], "texture": "#0"},
				"down": {"uv": [4.875, 3.25, 5.75, 3.125], "texture": "#0"}
			}
		},
		{
			"from": [5.9, 14.275, 7.375],
			"to": [6.275, 15.025, 7.7],
			"rotation": {"angle": 0, "axis": "y", "origin": [0, 0.1, 0]},
			"faces": {
				"north": {"uv": [6.875, 2.75, 6.5, 3.5], "texture": "#0"},
				"east": {"uv": [6.75, 2.75, 6.875, 3.5], "texture": "#0"},
				"south": {"uv": [6.5, 2.75, 6.875, 3.5], "texture": "#0"},
				"west": {"uv": [6.5, 2.75, 6.625, 3.5], "texture": "#0"},
				"up": {"uv": [6.5, 2.875, 6.875, 2.75], "texture": "#0"},
				"down": {"uv": [6.5, 3.5, 6.875, 3.375], "texture": "#0"}
			}
		},
		{
			"from": [6.275, 14.275, 7.375],
			"to": [6.4, 14.9, 7.7],
			"rotation": {"angle": 0, "axis": "y", "origin": [0, 0.1, 0]},
			"faces": {
				"north": {"uv": [7, 2.875, 6.875, 3.5], "texture": "#0"},
				"east": {"uv": [6.875, 2.875, 7, 3.5], "texture": "#0"},
				"south": {"uv": [6.875, 2.875, 7, 3.5], "texture": "#0"},
				"west": {"uv": [6.875, 2.875, 7, 3.5], "texture": "#0"},
				"up": {"uv": [6.875, 3, 7, 2.875], "texture": "#0"},
				"down": {"uv": [6.875, 3.5, 7, 3.375], "texture": "#0"}
			}
		},
		{
			"from": [5.15, 14.4, 7.375],
			"to": [5.9, 15.025, 7.7],
			"rotation": {"angle": 0, "axis": "y", "origin": [0, 0.1, 0]},
			"faces": {
				"north": {"uv": [6.5, 2.75, 5.75, 3.375], "texture": "#0"},
				"east": {"uv": [6.375, 2.75, 6.5, 3.375], "texture": "#0"},
				"south": {"uv": [5.75, 2.75, 6.5, 3.375], "texture": "#0"},
				"west": {"uv": [5.75, 2.75, 5.875, 3.375], "texture": "#0"},
				"up": {"uv": [5.75, 2.875, 6.5, 2.75], "texture": "#0"},
				"down": {"uv": [5.75, 3.375, 6.5, 3.25], "texture": "#0"}
			}
		},
		{
			"from": [4.275, 14.275, 7.475],
			"to": [5.15, 15.275, 7.6],
			"rotation": {"angle": 0, "axis": "y", "origin": [0, 0.1, 0]},
			"faces": {
				"north": {"uv": [5.75, 2.5, 4.875, 3.5], "texture": "#0"},
				"east": {"uv": [5.625, 2.5, 5.75, 3.5], "texture": "#0"},
				"south": {"uv": [4.875, 2.5, 5.75, 3.5], "texture": "#0"},
				"west": {"uv": [4.875, 2.5, 5, 3.5], "texture": "#0"},
				"up": {"uv": [4.875, 2.625, 5.75, 2.5], "texture": "#0"},
				"down": {"uv": [4.875, 3.5, 5.75, 3.375], "texture": "#0"}
			}
		},
		{
			"from": [3.9, 14.275, 7.475],
			"to": [4.275, 15.15, 7.6],
			"rotation": {"angle": 0, "axis": "y", "origin": [0, 0.1, 0]},
			"faces": {
				"north": {"uv": [4.875, 2.625, 4.5, 3.5], "texture": "#0"},
				"east": {"uv": [4.75, 2.625, 4.875, 3.5], "texture": "#0"},
				"south": {"uv": [4.5, 2.625, 4.875, 3.5], "texture": "#0"},
				"west": {"uv": [4.5, 2.625, 4.625, 3.5], "texture": "#0"},
				"up": {"uv": [4.5, 2.75, 4.875, 2.625], "texture": "#0"},
				"down": {"uv": [4.5, 3.5, 4.875, 3.375], "texture": "#0"}
			}
		},
		{
			"from": [3.775, 14.15, 7.475],
			"to": [3.9, 15.15, 7.6],
			"rotation": {"angle": 0, "axis": "y", "origin": [0, 0.1, 0]},
			"faces": {
				"north": {"uv": [4.5, 2.625, 4.375, 3.625], "texture": "#0"},
				"east": {"uv": [4.375, 2.625, 4.5, 3.625], "texture": "#0"},
				"south": {"uv": [4.375, 2.625, 4.5, 3.625], "texture": "#0"},
				"west": {"uv": [4.375, 2.625, 4.5, 3.625], "texture": "#0"},
				"up": {"uv": [4.375, 2.75, 4.5, 2.625], "texture": "#0"},
				"down": {"uv": [4.375, 3.625, 4.5, 3.5], "texture": "#0"}
			}
		},
		{
			"from": [3.4, 14.15, 7.475],
			"to": [3.775, 15.025, 7.6],
			"rotation": {"angle": 0, "axis": "y", "origin": [0, 0.1, 0]},
			"faces": {
				"north": {"uv": [4.375, 2.75, 4, 3.625], "texture": "#0"},
				"east": {"uv": [4.25, 2.75, 4.375, 3.625], "texture": "#0"},
				"south": {"uv": [4, 2.75, 4.375, 3.625], "texture": "#0"},
				"west": {"uv": [4, 2.75, 4.125, 3.625], "texture": "#0"},
				"up": {"uv": [4, 2.875, 4.375, 2.75], "texture": "#0"},
				"down": {"uv": [4, 3.625, 4.375, 3.5], "texture": "#0"}
			}
		},
		{
			"from": [3.025, 14.15, 7.475],
			"to": [3.4, 14.9, 7.6],
			"rotation": {"angle": 0, "axis": "y", "origin": [0, 0.1, 0]},
			"faces": {
				"north": {"uv": [4, 2.875, 3.625, 3.625], "texture": "#0"},
				"east": {"uv": [3.875, 2.875, 4, 3.625], "texture": "#0"},
				"south": {"uv": [3.625, 2.875, 4, 3.625], "texture": "#0"},
				"west": {"uv": [3.625, 2.875, 3.75, 3.625], "texture": "#0"},
				"up": {"uv": [3.625, 3, 4, 2.875], "texture": "#0"},
				"down": {"uv": [3.625, 3.625, 4, 3.5], "texture": "#0"}
			}
		},
		{
			"from": [2.775, 14.025, 7.475],
			"to": [3.025, 14.775, 7.6],
			"rotation": {"angle": 0, "axis": "y", "origin": [0, 0.1, 0]},
			"faces": {
				"north": {"uv": [3.625, 3, 3.375, 3.75], "texture": "#0"},
				"east": {"uv": [3.5, 3, 3.625, 3.75], "texture": "#0"},
				"south": {"uv": [3.375, 3, 3.625, 3.75], "texture": "#0"},
				"west": {"uv": [3.375, 3, 3.5, 3.75], "texture": "#0"},
				"up": {"uv": [3.375, 3.125, 3.625, 3], "texture": "#0"},
				"down": {"uv": [3.375, 3.75, 3.625, 3.625], "texture": "#0"}
			}
		},
		{
			"from": [2.525, 14.025, 7.475],
			"to": [2.775, 14.65, 7.6],
			"rotation": {"angle": 0, "axis": "y", "origin": [0, 0.1, 0]},
			"faces": {
				"north": {"uv": [3.375, 3.125, 3.125, 3.75], "texture": "#0"},
				"east": {"uv": [3.25, 3.125, 3.375, 3.75], "texture": "#0"},
				"south": {"uv": [3.125, 3.125, 3.375, 3.75], "texture": "#0"},
				"west": {"uv": [3.125, 3.125, 3.25, 3.75], "texture": "#0"},
				"up": {"uv": [3.125, 3.25, 3.375, 3.125], "texture": "#0"},
				"down": {"uv": [3.125, 3.75, 3.375, 3.625], "texture": "#0"}
			}
		},
		{
			"from": [2.4, 14.025, 7.475],
			"to": [2.525, 14.525, 7.6],
			"rotation": {"angle": 0, "axis": "y", "origin": [0, 0.1, 0]},
			"faces": {
				"north": {"uv": [3.125, 3.25, 3, 3.75], "texture": "#0"},
				"east": {"uv": [3, 3.25, 3.125, 3.75], "texture": "#0"},
				"south": {"uv": [3, 3.25, 3.125, 3.75], "texture": "#0"},
				"west": {"uv": [3, 3.25, 3.125, 3.75], "texture": "#0"},
				"up": {"uv": [3, 3.375, 3.125, 3.25], "texture": "#0"},
				"down": {"uv": [3, 3.75, 3.125, 3.625], "texture": "#0"}
			}
		},
		{
			"from": [2.275, 13.9, 7.475],
			"to": [2.4, 14.4, 7.6],
			"rotation": {"angle": 0, "axis": "y", "origin": [0, 0.1, 0]},
			"faces": {
				"north": {"uv": [3, 3.375, 2.875, 3.875], "texture": "#0"},
				"east": {"uv": [2.875, 3.375, 3, 3.875], "texture": "#0"},
				"south": {"uv": [2.875, 3.375, 3, 3.875], "texture": "#0"},
				"west": {"uv": [2.875, 3.375, 3, 3.875], "texture": "#0"},
				"up": {"uv": [2.875, 3.5, 3, 3.375], "texture": "#0"},
				"down": {"uv": [2.875, 3.875, 3, 3.75], "texture": "#0"}
			}
		},
		{
			"from": [2.025, 13.775, 7.475],
			"to": [2.15, 14.15, 7.6],
			"rotation": {"angle": 0, "axis": "y", "origin": [0, 0.1, 0]},
			"faces": {
				"north": {"uv": [2.75, 3.625, 2.625, 4], "texture": "#0"},
				"east": {"uv": [2.625, 3.625, 2.75, 4], "texture": "#0"},
				"south": {"uv": [2.625, 3.625, 2.75, 4], "texture": "#0"},
				"west": {"uv": [2.625, 3.625, 2.75, 4], "texture": "#0"},
				"up": {"uv": [2.625, 3.75, 2.75, 3.625], "texture": "#0"},
				"down": {"uv": [2.625, 4, 2.75, 3.875], "texture": "#0"}
			}
		},
		{
			"from": [1.9, 13.775, 7.475],
			"to": [2.025, 14.025, 7.6],
			"rotation": {"angle": 0, "axis": "y", "origin": [0, 0.1, 0]},
			"faces": {
				"north": {"uv": [2.625, 3.75, 2.5, 4], "texture": "#0"},
				"east": {"uv": [2.5, 3.75, 2.625, 4], "texture": "#0"},
				"south": {"uv": [2.5, 3.75, 2.625, 4], "texture": "#0"},
				"west": {"uv": [2.5, 3.75, 2.625, 4], "texture": "#0"},
				"up": {"uv": [2.5, 3.875, 2.625, 3.75], "texture": "#0"},
				"down": {"uv": [2.5, 4, 2.625, 3.875], "texture": "#0"}
			}
		},
		{
			"from": [7.775, 14.275, 7.35],
			"to": [8.025, 14.9, 7.725],
			"rotation": {"angle": 0, "axis": "y", "origin": [0, 0.1, 0]},
			"faces": {
				"north": {"uv": [10.875, 2.875, 10.625, 3.5], "texture": "#0"},
				"east": {"uv": [10.75, 2.875, 10.875, 3.5], "texture": "#0"},
				"south": {"uv": [10.625, 2.875, 10.875, 3.5], "texture": "#0"},
				"west": {"uv": [10.625, 2.875, 10.75, 3.5], "texture": "#0"},
				"up": {"uv": [10.625, 3, 10.875, 2.875], "texture": "#0"},
				"down": {"uv": [10.625, 3.5, 10.875, 3.375], "texture": "#0"}
			}
		},
		{
			"from": [8.025, 14.275, 7.35],
			"to": [8.15, 14.775, 7.725],
			"rotation": {"angle": 0, "axis": "y", "origin": [0, 0.1, 0]},
			"faces": {
				"north": {"uv": [11, 3, 10.875, 3.5], "texture": "#0"},
				"east": {"uv": [10.875, 3, 11, 3.5], "texture": "#0"},
				"south": {"uv": [10.875, 3, 11, 3.5], "texture": "#0"},
				"west": {"uv": [10.875, 3, 11, 3.5], "texture": "#0"},
				"up": {"uv": [10.875, 3.125, 11, 3], "texture": "#0"},
				"down": {"uv": [10.875, 3.5, 11, 3.375], "texture": "#0"}
			}
		},
		{
			"from": [7.65, 14.65, 7.35],
			"to": [7.775, 14.9, 7.725],
			"rotation": {"angle": 0, "axis": "y", "origin": [0, 0.1, 0]},
			"faces": {
				"north": {"uv": [10.625, 2.875, 10.5, 3.125], "texture": "#0"},
				"east": {"uv": [10.5, 2.875, 10.625, 3.125], "texture": "#0"},
				"south": {"uv": [10.5, 2.875, 10.625, 3.125], "texture": "#0"},
				"west": {"uv": [10.5, 2.875, 10.625, 3.125], "texture": "#0"},
				"up": {"uv": [10.5, 3, 10.625, 2.875], "texture": "#0"},
				"down": {"uv": [10.5, 3.125, 10.625, 3], "texture": "#0"}
			}
		},
		{
			"from": [8.15, 14.275, 7.35],
			"to": [8.275, 14.525, 7.725],
			"rotation": {"angle": 0, "axis": "y", "origin": [0, 0.1, 0]},
			"faces": {
				"north": {"uv": [11.125, 3.25, 11, 3.5], "texture": "#0"},
				"east": {"uv": [11, 3.25, 11.125, 3.5], "texture": "#0"},
				"south": {"uv": [11, 3.25, 11.125, 3.5], "texture": "#0"},
				"west": {"uv": [11, 3.25, 11.125, 3.5], "texture": "#0"},
				"up": {"uv": [11, 3.375, 11.125, 3.25], "texture": "#0"},
				"down": {"uv": [11, 3.5, 11.125, 3.375], "texture": "#0"}
			}
		},
		{
			"from": [2.15, 13.9, 7.475],
			"to": [2.275, 14.275, 7.6],
			"rotation": {"angle": 0, "axis": "y", "origin": [0, 0.1, 0]},
			"faces": {
				"north": {"uv": [2.875, 3.5, 2.75, 3.875], "texture": "#0"},
				"east": {"uv": [2.75, 3.5, 2.875, 3.875], "texture": "#0"},
				"south": {"uv": [2.75, 3.5, 2.875, 3.875], "texture": "#0"},
				"west": {"uv": [2.75, 3.5, 2.875, 3.875], "texture": "#0"},
				"up": {"uv": [2.75, 3.625, 2.875, 3.5], "texture": "#0"},
				"down": {"uv": [2.75, 3.875, 2.875, 3.75], "texture": "#0"}
			}
		},
		{
			"from": [6.525, 14.275, 7.375],
			"to": [6.65, 15.025, 7.7],
			"rotation": {"angle": 0, "axis": "y", "origin": [0, 0.1, 0]},
			"faces": {
				"north": {"uv": [7.25, 2.75, 7.125, 3.5], "texture": "#0"},
				"east": {"uv": [7.125, 2.75, 7.25, 3.5], "texture": "#0"},
				"south": {"uv": [7.125, 2.75, 7.25, 3.5], "texture": "#0"},
				"west": {"uv": [7.125, 2.75, 7.25, 3.5], "texture": "#0"},
				"up": {"uv": [7.125, 2.875, 7.25, 2.75], "texture": "#0"},
				"down": {"uv": [7.125, 3.5, 7.25, 3.375], "texture": "#0"}
			}
		},
		{
			"from": [6.4, 14.15, 7.375],
			"to": [6.525, 15.025, 7.7],
			"rotation": {"angle": 0, "axis": "y", "origin": [0, 0.1, 0]},
			"faces": {
				"north": {"uv": [7.125, 2.75, 7, 3.625], "texture": "#0"},
				"east": {"uv": [7, 2.75, 7.125, 3.625], "texture": "#0"},
				"south": {"uv": [7, 2.75, 7.125, 3.625], "texture": "#0"},
				"west": {"uv": [7, 2.75, 7.125, 3.625], "texture": "#0"},
				"up": {"uv": [7, 2.875, 7.125, 2.75], "texture": "#0"},
				"down": {"uv": [7, 3.625, 7.125, 3.5], "texture": "#0"}
			}
		},
		{
			"from": [6.275, 14.025, 7.475],
			"to": [6.4, 15.15, 7.6],
			"rotation": {"angle": 0, "axis": "y", "origin": [0, 0.1, 0]},
			"faces": {
				"north": {"uv": [7, 2.625, 6.875, 3.75], "texture": "#0"},
				"east": {"uv": [6.875, 2.625, 7, 3.75], "texture": "#0"},
				"south": {"uv": [6.875, 2.625, 7, 3.75], "texture": "#0"},
				"west": {"uv": [6.875, 2.625, 7, 3.75], "texture": "#0"},
				"up": {"uv": [6.875, 2.75, 7, 2.625], "texture": "#0"},
				"down": {"uv": [6.875, 3.75, 7, 3.625], "texture": "#0"}
			}
		},
		{
			"from": [6.775, 11.525, 7.25],
			"to": [7.525, 13.275, 7.825],
			"rotation": {"angle": 0, "axis": "y", "origin": [0, 0.1, 0]},
			"faces": {
				"north": {"uv": [9.25, 4.5, 8.5, 6.25], "texture": "#0"},
				"east": {"uv": [9.625, 4.5, 10.375, 6.25], "texture": "#0"},
				"south": {"uv": [8.5, 4.5, 9.25, 6.25], "texture": "#0"},
				"west": {"uv": [7.375, 4.5, 8.125, 6.25], "texture": "#0"},
				"up": {"uv": [8.5, 4.625, 9.25, 4.5], "texture": "#0"},
				"down": {"uv": [8.5, 6.25, 9.25, 6.125], "texture": "#0"}
			}
		},
		{
			"from": [7.15, 9.9, 7.25],
			"to": [8.15, 10.15, 7.825],
			"rotation": {"angle": 0, "axis": "y", "origin": [0, 0.1, 0]},
			"faces": {
				"north": {"uv": [9.875, 7.625, 8.875, 7.875], "texture": "#0"},
				"east": {"uv": [10, 7.625, 11, 7.875], "texture": "#0"},
				"south": {"uv": [8.875, 7.625, 9.875, 7.875], "texture": "#0"},
				"west": {"uv": [7.75, 7.625, 8.75, 7.875], "texture": "#0"},
				"up": {"uv": [8.875, 7.75, 9.875, 7.625], "texture": "#0"},
				"down": {"uv": [8.875, 7.875, 9.875, 7.75], "texture": "#0"}
			}
		},
		{
			"from": [7.15, 10.15, 7.25],
			"to": [8.025, 10.275, 7.825],
			"rotation": {"angle": 0, "axis": "y", "origin": [0, 0.1, 0]},
			"faces": {
				"north": {"uv": [9.75, 7.5, 8.875, 7.625], "texture": "#0"},
				"east": {"uv": [10, 7.5, 10.875, 7.625], "texture": "#0"},
				"south": {"uv": [8.875, 7.5, 9.75, 7.625], "texture": "#0"},
				"west": {"uv": [7.75, 7.5, 8.625, 7.625], "texture": "#0"},
				"up": {"uv": [8.875, 7.625, 9.75, 7.5], "texture": "#0"},
				"down": {"uv": [8.875, 7.625, 9.75, 7.5], "texture": "#0"}
			}
		},
		{
			"from": [7.025, 10.275, 7.25],
			"to": [8.025, 10.4, 7.825],
			"rotation": {"angle": 0, "axis": "y", "origin": [0, 0.1, 0]},
			"faces": {
				"north": {"uv": [9.75, 7.375, 8.75, 7.5], "texture": "#0"},
				"east": {"uv": [9.875, 7.375, 10.875, 7.5], "texture": "#0"},
				"south": {"uv": [8.75, 7.375, 9.75, 7.5], "texture": "#0"},
				"west": {"uv": [7.625, 7.375, 8.625, 7.5], "texture": "#0"},
				"up": {"uv": [8.75, 7.5, 9.75, 7.375], "texture": "#0"},
				"down": {"uv": [8.75, 7.5, 9.75, 7.375], "texture": "#0"}
			}
		},
		{
			"from": [6.775, 10.9, 7.25],
			"to": [7.775, 11.025, 7.825],
			"rotation": {"angle": 0, "axis": "y", "origin": [0, 0.1, 0]},
			"faces": {
				"north": {"uv": [9.5, 6.75, 8.5, 6.875], "texture": "#0"},
				"east": {"uv": [9.625, 6.75, 10.625, 6.875], "texture": "#0"},
				"south": {"uv": [8.5, 6.75, 9.5, 6.875], "texture": "#0"},
				"west": {"uv": [7.375, 6.75, 8.375, 6.875], "texture": "#0"},
				"up": {"uv": [8.5, 6.875, 9.5, 6.75], "texture": "#0"},
				"down": {"uv": [8.5, 6.875, 9.5, 6.75], "texture": "#0"}
			}
		},
		{
			"from": [7.4, 5.775, 7.25],
			"to": [8.15, 9.525, 7.825],
			"rotation": {"angle": 0, "axis": "y", "origin": [0, 0.1, 0]},
			"faces": {
				"north": {"uv": [9.875, 8.25, 9.125, 12], "texture": "#0"},
				"east": {"uv": [10.25, 8.25, 11, 12], "texture": "#0"},
				"south": {"uv": [9.125, 8.25, 9.875, 12], "texture": "#0"},
				"west": {"uv": [8, 8.25, 8.75, 12], "texture": "#0"},
				"up": {"uv": [9.125, 8.375, 9.875, 8.25], "texture": "#0"},
				"down": {"uv": [9.125, 12, 9.875, 11.875], "texture": "#0"}
			}
		},
		{
			"from": [7.275, 5.275, 7.25],
			"to": [8.15, 5.775, 7.825],
			"rotation": {"angle": 0, "axis": "y", "origin": [0, 0.1, 0]},
			"faces": {
				"north": {"uv": [9.875, 12, 9, 12.5], "texture": "#0"},
				"east": {"uv": [10.125, 12, 11, 12.5], "texture": "#0"},
				"south": {"uv": [9, 12, 9.875, 12.5], "texture": "#0"},
				"west": {"uv": [7.875, 12, 8.75, 12.5], "texture": "#0"},
				"up": {"uv": [9, 12.125, 9.875, 12], "texture": "#0"},
				"down": {"uv": [9, 12.5, 9.875, 12.375], "texture": "#0"}
			}
		}
	],
	"gui_light": "front",
	"display": {
		"thirdperson_righthand": {
			"rotation": [0, -90, 0],
			"translation": [-0.75, -0.25, 1.5],
			"scale": [1.5, 1.5, 1.5]
		},
		"thirdperson_lefthand": {
			"rotation": [0, 90, 0],
			"translation": [0.5, -0.25, 1.5],
			"scale": [1.5, 1.5, 1.5]
		},
		"firstperson_righthand": {
			"rotation": [55, -90, 60],
			"translation": [-0.75, -1, 1.5],
			"scale": [1.4, 1.4, 1.4]
		},
		"firstperson_lefthand": {
			"rotation": [-65, 90, 60],
			"translation": [-0.25, -1, 1.5],
			"scale": [1.4, 1.4, 1.4]
		},
		"ground": {
			"rotation": [32.87, -28.18, 40.85],
			"translation": [0.75, 1.5, 2],
			"scale": [0.85, 0.85, 0.85]
		},
		"gui": {
			"rotation": [-8.19, 10.98, -41.42],
			"translation": [-0.75, -4, 0],
			"scale": [1.35, 1.35, 1.35]
		},
		"head": {
			"rotation": [-90, 0, 0],
			"scale": [3, 3, 3]
		},
		"fixed": {
			"rotation": [180, 0, 135],
			"translation": [1, -5, -0.75],
			"scale": [1.8, 1.8, 1.8]
		}
	}
}